frameId,seconds_since_snap,nearest_coverage_defender,distance_yd,in_snap_to_release_window
1,-0.6,Sean Murphy-Bunting,5.92,False
2,-0.5,Sean Murphy-Bunting,5.96,False
3,-0.4,Sean Murphy-Bunting,6.06,False
4,-0.3,Sean Murphy-Bunting,6.11,False
5,-0.2,Sean Murphy-Bunting,6.25,False
6,-0.1,Sean Murphy-Bunting,6.28,False
7,0.0,Sean Murphy-Bunting,6.34,True
8,0.1,Sean Murphy-Bunting,6.38,True
9,0.2,Sean Murphy-Bunting,6.39,True
10,0.3,Sean Murphy-Bunting,6.37,True
11,0.4,Sean Murphy-Bunting,6.44,True
12,0.5,Sean Murphy-Bunting,6.46,True
13,0.6,Sean Murphy-Bunting,6.46,True
14,0.7,Sean Murphy-Bunting,6.49,True
15,0.8,Sean Murphy-Bunting,6.55,True
16,0.9,Sean Murphy-Bunting,6.62,True
17,1.0,Sean Murphy-Bunting,6.69,True
18,1.1,Lavonte David,6.64,True
19,1.2,Lavonte David,6.22,True
20,1.3,Lavonte David,5.82,True
21,1.4,Lavonte David,5.39,True
22,1.5,Lavonte David,4.96,True
23,1.6,Lavonte David,4.47,True
24,1.7,Lavonte David,4.06,True
25,1.8,Lavonte David,3.63,True
26,1.9,Lavonte David,3.26,True
27,2.0,Lavonte David,2.97,True
28,2.1,Lavonte David,2.8,True
29,2.2,Lavonte David,2.76,True
30,2.3,Lavonte David,2.85,True
31,2.4,Lavonte David,3.06,True
32,2.5,Lavonte David,3.34,True
33,2.6,Lavonte David,3.66,False
34,2.7,Lavonte David,4.06,False
35,2.8,Lavonte David,4.48,False
36,2.9,Lavonte David,4.94,False
37,3.0,Lavonte David,5.35,False
